step,epoch,epoch_step,loss,learn_rate
500,499,0,0.2107514,0.004
1000,999,0,0.1881889,0.004
1500,1499,0,0.1861643,0.004
2000,1999,0,0.1914497,0.004
